Year,TRENDY_TAC_Anomaly,TRENDY_TAC_StdDev,MODIS_TAC_Anomaly,MODIS_TAC_StdErr
2000,,,,
2001,,,,
2002.0,0.20861863791631444,0.005643270499180533,0.46380159139742705,0.004968642462068154
2003.0,0.2099194771142144,0.007472581413718252,0.46577509686497015,0.004985145935344882
2004.0,0.2101199369359649,0.005238082412774808,0.4624995486906993,0.004959961688971459
2005.0,0.2038467674515768,0.005646092600374614,0.45872185199913584,0.004878697430362437
2006.0,0.21363828088711798,0.0035845474523877635,0.4533288510540857,0.004850118364148995
2007.0,0.2095177308561533,0.004464573417204741,0.4450563365584887,0.005121565033726332
2008.0,0.22129000430192755,0.007883392537295445,0.44449649408287345,0.005100568680884277
2009.0,0.2403062533379149,0.0056898966153227475,0.45202750438688766,0.004921367175648909
2010.0,0.24067003913880436,0.006747103574925786,0.45538989571515914,0.004768560291560154
2011.0,0.2283799172532374,0.00409240897569921,0.46331536648561056,0.004626462986127783
2012.0,0.2025186506158317,0.007544034233746839,0.46867402771250544,0.004705204342210341
2013.0,0.18203131538396145,0.004750108791485748,0.46957653116067055,0.0047433091948174185
2014.0,0.18219790654221188,0.009029351278641889,0.4707737210122074,0.004842566216177344
2015.0,0.1783083654070314,0.004318162781882302,0.47316774700964453,0.004852241272354148
2016.0,0.21172683978269324,0.010002897642732917,0.47603526971866783,0.004856339668909267
2017.0,0.22376993694058903,0.004621533842289618,0.4745287956940541,0.004752283229160035
2018.0,0.21109868981226607,0.004016115809906301,0.47766114199629484,0.0046557714496095765
2019.0,0.21981476188151236,0.010890116368271717,0.4768613960829048,0.004598142182229215
2020.0,0.23175067512429237,0.002348919589005203,0.47410285217328213,0.004663992768123427
2021,,,,
2022,,,,
2023,,,,
