Model,Trend_2002_2007,Trend_2002_2007_StdErr,Trend_2008_2022,Trend_2008_2022_StdErr
CABLE-POP,-0.0006020269786288399,0.030445955196077606,-0.0018706866447933453,0.018138838249721373
LPX-Bern,-0.007861419615748521,0.0371123459935133,-0.0009756982721361887,0.020811845787049782
YIBs,-0.009013148483393905,0.036835133146276,0.010274907359066554,0.020641565282378233
DLEM,-0.01532428313919663,0.02216938000016934,0.004706518903980345,0.020456130305371238
CLASSIC,-0.006350952541957569,0.03556876067213231,0.0006398545929905473,0.01864060257269336
JULES,-0.0004282983355677311,0.03574613233561347,-0.0004641047230596161,0.021975825929565977
OCN,-0.007710302490081541,0.037162741393338194,0.009352848869908203,0.01862503129669425
VISIT,0.045936368609775395,0.041728876151089625,-0.0242706639821136,0.01819648774721292
VISIT-NIES,0.04068611601361854,0.0400550224505399,-0.02109713634521248,0.01815338082383635
ISAM,-0.0034831604223490935,0.03670133211763494,0.0023116455102722973,0.017815958442900112
SDGVM,-0.0029964046189863572,0.035962203235235184,0.006888406351860641,0.0184840264740793
JSBACH,0.0016017931119087457,0.03874762493047319,0.0028971538338851393,0.02195013932536554
LPJ-GUESS,-0.006896484113446304,0.03880866504605123,-0.00027242008712058575,0.02340493472584879
CLM5,-0.004251727739833124,0.03586853695188762,0.0017040906812629336,0.022309873288544068
ORCHIDEE,-0.0018253170208302521,0.0343845571776844,-0.0005769249802194886,0.018483448910228146
