Year,TAC_2011_Fire,TAC_2014_Fire
2002.0,0.49239945174425115,0.487293767250846
2002.0434782608695,0.49518015917477776,0.48798470889728474
2002.0869565217392,0.4956083974532429,0.48648668383431065
2002.1304347826087,0.49468858687166334,0.4848344754253037
2002.1739130434783,0.4982228463485455,0.4894946466067201
2002.2173913043478,0.5020526282419226,0.48762045681721944
2002.2608695652175,0.5037188302264981,0.4952168023413928
2002.304347826087,0.5048876960621256,0.49658165084383604
2002.3478260869565,0.5006639373611679,0.49170742789051214
2002.391304347826,0.502847231765361,0.49149770996429076
2002.4347826086957,0.5021325922662707,0.49490373582800645
2002.4782608695652,0.5064172517822522,0.49478320293633493
2002.5217391304348,0.5088278430241762,0.5004130694898978
2002.5652173913043,0.5030041958369836,0.4975513898866427
2002.608695652174,0.5005955302245584,0.49323985764840256
2002.6521739130435,0.502229289725761,0.5024890949526453
2002.695652173913,0.499575558491965,0.49705111061790164
2002.7391304347825,0.498083375012372,0.4978814501357999
2002.7826086956522,0.49643160459280433,0.49640494857284057
2002.8260869565217,0.4978200125106115,0.49561600189757216
2002.8695652173913,0.4980145553445668,0.4949035664128622
2002.913043478261,0.4979405147060299,0.496530252291641
2002.9565217391305,0.5000575550167162,0.49671018424432883
2003.0,0.4975900165457451,0.49527754173129573
2003.0434782608695,0.49947605434917636,0.4932746772206489
2003.0869565217392,0.49840841497461147,0.4971407159627365
2003.1304347826087,0.4977097587975887,0.4914576797752916
2003.1739130434783,0.505962230758537,0.4963126496688564
2003.2173913043478,0.5029661894238362,0.4939380994326405
2003.2608695652175,0.5061124801895708,0.4940545339290061
2003.304347826087,0.5056841127907934,0.4961307127877529
2003.3478260869565,0.5059039430077946,0.4965519627962129
2003.391304347826,0.5073230581710995,0.498029129359767
2003.4347826086957,0.5102928582875601,0.49582158838102086
2003.4782608695652,0.5100544229429425,0.4967054378370106
2003.5217391304348,0.506692704094887,0.5014506623788237
2003.5652173913043,0.5124778078041728,0.5050511584462724
2003.608695652174,0.5051597256010056,0.4958751388159764
2003.6521739130435,0.5095506162064377,0.4933477413318872
2003.695652173913,0.5061515657505445,0.49846676147538016
2003.7391304347825,0.5036708549165905,0.5035947114835844
2003.7826086956522,0.5024957912975911,0.498598927894399
2003.8260869565217,0.5019727463126338,0.4985731142839309
2003.8695652173913,0.5020823567701085,0.49924962226449476
2003.913043478261,0.5021984661631338,0.5003905808200652
2003.9565217391305,0.5051036520296529,0.5030019244955678
2004.0,0.504007355656408,0.5022691669778706
2004.0434782608695,0.5034687890521836,0.501774810917834
2004.0869565217392,0.5044431990544909,0.5007478648210415
2004.1304347826087,0.5024785246245653,0.5001507394123332
2004.1739130434783,0.5028632226685368,0.5048999850581339
2004.2173913043478,0.49768547092217275,0.5030802526493299
2004.2608695652175,0.4981844448698689,0.50347785612769
2004.304347826087,0.499767773651865,0.505827754766842
2004.3478260869565,0.5002741317124008,0.5027524410916647
2004.391304347826,0.4976582653188785,0.5025587756729831
2004.4347826086957,0.49894537182368165,0.5070350027959833
2004.4782608695652,0.49724748553013776,0.5034237290929263
2004.5217391304348,0.4999767048795256,0.49736846847327515
2004.5652173913043,0.4919447120143144,0.5063030376047566
2004.608695652174,0.4938721939130388,0.4989045903509481
2004.6521739130435,0.49012124025778925,0.48789345944936213
2004.695652173913,0.48891506230921233,0.49564015067595446
2004.7391304347825,0.490217372362339,0.4911008675886072
2004.7826086956522,0.48974756250553897,0.49148746215332384
2004.8260869565217,0.48911895070783484,0.4927719598436008
2004.8695652173913,0.49097067985321874,0.48934240009164753
2004.913043478261,0.4911824984525976,0.4863341595323859
2004.9565217391305,0.4911213585536622,0.4877120736556422
2005.0,0.4892543145262681,0.48519831106731137
2005.0434782608695,0.4894269255276977,0.4844455182286565
2005.0869565217392,0.48881688026452996,0.47819813768584585
2005.1304347826087,0.4916896376831888,0.48383101199258804
2005.1739130434783,0.49114634554412195,0.49308158201190705
2005.2173913043478,0.47465409090946353,0.48498969190567937
2005.2608695652175,0.47287966904763257,0.4816876253829821
2005.304347826087,0.47072921597380735,0.48000498000026826
2005.3478260869565,0.46648739937823613,0.4822444754082688
2005.391304347826,0.46627566631727935,0.48117512560964887
2005.4347826086957,0.46545677340119473,0.4812519526078617
2005.4782608695652,0.46599735975497836,0.4832615387482853
2005.5217391304348,0.4709643118472449,0.48210310922671484
2005.5652173913043,0.46456322255143345,0.47685827048079726
2005.608695652174,0.46127281849912993,0.4813895766542773
2005.6521739130435,0.46711264329581653,0.48451599478092744
2005.695652173913,0.46673343145054447,0.4813663396364408
2005.7391304347825,0.465054894754776,0.4792236128376605
2005.7826086956522,0.4641011300398485,0.4788663051980267
2005.8260869565217,0.46399391710005,0.4793532742078826
2005.8695652173913,0.46324359526938297,0.4794750212132296
2005.913043478261,0.46401781505815654,0.47999135774913576
2005.9565217391305,0.4663589755928411,0.48065180999386137
2006.0,0.4624125273949371,0.47908712096219325
2006.0434782608695,0.4641239848628597,0.4784797977503629
2006.0869565217392,0.46586577519412936,0.4830690858490784
2006.1304347826087,0.46567893979831565,0.47842522286711225
2006.1739130434783,0.46899722151396606,0.4820910729949751
2006.2173913043478,0.46044199301619054,0.47359107511054416
2006.2608695652175,0.4514881814416625,0.472048853452862
2006.304347826087,0.45582771254614846,0.4751750518409338
2006.3478260869565,0.4573768670684377,0.47533642703603296
2006.391304347826,0.45658666410293103,0.4755171585523684
2006.4347826086957,0.45946355986464466,0.4763873245166097
2006.4782608695652,0.45263018986198383,0.4788687272323431
2006.5217391304348,0.4691883184441906,0.48069023201307637
2006.5652173913043,0.46964334375287015,0.48051610778941006
2006.608695652174,0.4676001747958216,0.4669847714389808
2006.6521739130435,0.471304638901042,0.47317532499171006
2006.695652173913,0.47207435859471525,0.4719589583350783
2006.7391304347827,0.4724338223806607,0.4716564954928557
2006.7826086956522,0.4721309355395119,0.47047566965685694
2006.8260869565217,0.47145685483720196,0.4708081896552261
2006.8695652173913,0.4700713373924216,0.4706781561243426
2006.913043478261,0.46971558831314686,0.46945304411181316
2006.9565217391305,0.47091441385927024,0.47024977538111634
2007.0,0.4721886385148096,0.4674550732527141
2007.0434782608695,0.4718733529381933,0.46792093021864983
2007.0869565217392,0.47480055617515793,0.4677101639129795
2007.1304347826087,0.467313181978386,0.4646323206215991
2007.1739130434783,0.46708912189218044,0.4712914866368166
2007.2173913043478,0.4595150509376471,0.4704048983462969
2007.2608695652175,0.4646178998756014,0.4640348199258079
2007.304347826087,0.4629315759473841,0.4652478572044646
2007.3478260869565,0.46301535732477384,0.4659159667687206
2007.391304347826,0.4659792962235111,0.46600740161911025
2007.4347826086957,0.4634598310154168,0.4639285346498388
2007.4782608695652,0.45675552994827373,0.46333871554305145
2007.5217391304348,0.4638711363244966,0.4698484938217189
2007.5652173913043,0.4576973839214289,0.4643960874965253
2007.608695652174,0.45171691546046033,0.46576529278921663
2007.6521739130435,0.45258978009770057,0.47482491494739565
2007.695652173913,0.4523314942558707,0.46712468111221955
2007.7391304347827,0.45171281263924,0.4670898749120135
2007.7826086956522,0.4517788113425105,0.4668796967368376
2007.8260869565217,0.4519602208913508,0.46580667543308507
2007.8695652173913,0.452795124999272,0.46631974179917934
2007.913043478261,0.4523835014969517,0.46754858454239184
2007.9565217391305,0.45357287019355214,0.46947295887362483
2008.0,0.4519451588974316,0.470232919571817
2008.0434782608695,0.452374315079871,0.47034598234875175
2008.0869565217392,0.4521436321442392,0.47472836793651507
2008.1304347826087,0.45421617072233356,0.4671512482192805
2008.1739130434783,0.4513352267962628,0.47740061675035567
2008.2173913043478,0.45128229540371695,0.47305667625159076
2008.2608695652175,0.4493437757879145,0.4700100599844154
2008.304347826087,0.4510868580202264,0.4714925255427561
2008.3478260869565,0.4526275607815001,0.46923479911559485
2008.391304347826,0.45320771396259796,0.47071147978209404
2008.4347826086957,0.45654151400714466,0.47311086682962855
2008.4782608695652,0.45417751241886123,0.47507171957843763
2008.5217391304348,0.4660321820477843,0.47789773823830217
2008.5652173913043,0.46228272478200316,0.4870582843465316
2008.608695652174,0.46163643544213506,0.48450639043982047
2008.6521739130435,0.4681177258329388,0.4857544427543265
2008.695652173913,0.46833550250071665,0.4943762439083256
2008.7391304347827,0.46557579866689025,0.4888200628889962
2008.7826086956522,0.46583119291135044,0.48913338873165335
2008.8260869565217,0.46601108184699114,0.48891186306185885
2008.8695652173913,0.4664196344064284,0.48895301838370353
2008.913043478261,0.4673045722313015,0.4887278460033482
2008.9565217391305,0.46878368512665414,0.4903052558988365
2009.0,0.4683090524627248,0.4887130891245442
2009.0434782608695,0.4690302925780817,0.4922806986655501
2009.0869565217392,0.4722865160670252,0.4891841818830258
2009.1304347826087,0.4683907342311306,0.48216006110169024
2009.1739130434783,0.4761389454493545,0.4882437872223321
2009.2173913043478,0.479572751443497,0.4845252850757632
2009.2608695652175,0.489471112591618,0.4857421608102789
2009.304347826087,0.48704748596436476,0.48247800971260085
2009.3478260869565,0.48756230863867633,0.48073919673986415
2009.391304347826,0.4893350483154763,0.47804484498106437
2009.4347826086957,0.49242579363279404,0.4837760423836486
2009.4782608695652,0.4954238672181537,0.48104475227156646
2009.5217391304348,0.49591901105458164,0.49191723254583375
2009.5652173913045,0.4917577752648582,0.48306750343869537
2009.608695652174,0.48687170940497393,0.4656884279966346
2009.6521739130435,0.49134675630291746,0.47372608063739186
2009.695652173913,0.48918335369224664,0.4774152684397278
2009.7391304347827,0.487633786547646,0.47377292298889373
2009.7826086956522,0.48794285869029197,0.47358716431408104
2009.8260869565217,0.49018254202257133,0.4747513141279794
2009.8695652173913,0.49407434499664604,0.4744787247297076
2009.913043478261,0.4959321526542062,0.4771327847338463
2009.9565217391305,0.4962176350533276,0.47616057405725054
2010.0,0.49253550712061384,0.47670800785681955
2010.0434782608695,0.49115005977256854,0.47577717746344733
2010.0869565217392,0.49273299613071403,0.48010170984165357
2010.1304347826087,0.4937029162292037,0.47064112244520634
2010.1739130434783,0.49430001428025505,0.48243588678612065
2010.2173913043478,0.5019435742207137,0.48162902280794323
2010.2608695652175,0.5114432970244303,0.47498336992573187
2010.304347826087,0.5151684698709933,0.4811488017744268
2010.3478260869565,0.5118975803062868,0.48013939699152514
2010.391304347826,0.514755809293697,0.4797412587645502
2010.4347826086957,0.520374102491875,0.4856242076609427
2010.4782608695652,0.5330488976845724,0.48694277866650154
2010.5217391304348,0.5357982938719934,0.49048045102992366
2010.5652173913045,0.5427878331180344,0.49289692291205645
2010.608695652174,0.5387601015086823,0.4820073915090137
2010.6521739130435,0.5431824762511627,0.48725346477560294
2010.695652173913,0.5430729350938881,0.4921528234245957
2010.7391304347827,0.539583364468748,0.48769906809324076
2010.7826086956522,0.5418567791803384,0.4863148623476609
2010.8260869565217,0.5427503450988027,0.4872914392591522
2010.8695652173913,0.5417326268160608,0.48734560343268013
2010.913043478261,0.5432773144810821,0.48733974892783605
2010.9565217391305,0.5430415117013986,0.4881750264101069
2011.0,0.5416849748069167,0.48741967715163664
2011.0434782608695,0.5425869725000649,0.48909660616235473
2011.0869565217392,0.5445601786950013,0.4908186037318881
2011.1304347826087,0.546810497013072,0.48824476086170604
2011.1739130434783,0.5425530527532827,0.4953456490800137
2011.2173913043478,0.5437914682662286,0.5039095723275453
2011.2608695652175,0.5441947671446414,0.4997876005132927
2011.304347826087,0.5450047255699162,0.5008069366010383
2011.3478260869565,0.5451815361404335,0.5015413416253123
2011.391304347826,0.5455311556406282,0.503054411973831
2011.4347826086957,0.5471187144809297,0.5041431125058167
2011.4782608695652,0.5454073594323067,0.5061414794943508
2011.5217391304348,0.5520822376393892,0.5153494807555976
2011.5652173913045,0.5545425925822172,0.5114107141895555
2011.608695652174,0.5558376903984819,0.5097018652841332
2011.6521739130435,0.5560305431440524,0.511352791760411
2011.695652173913,0.5554030018841083,0.5113006859756025
2011.7391304347827,0.5526867188532284,0.5058688349215953
2011.7826086956522,0.5531335601607946,0.5049576695532675
2011.8260869565217,0.5535333712201053,0.5045151248895611
2011.8695652173913,0.5535964992445446,0.5050144093761544
2011.913043478261,0.5535955621665791,0.5042161384885662
2011.9565217391305,0.5554641951425558,0.5052799017252871
2012.0,0.5527253432854237,0.5034819952191012
2012.0434782608695,0.5517652018689954,0.5042935985044572
2012.0869565217392,0.5538724826831747,0.502170514312997
2012.1304347826087,0.5543760437082461,0.5018522009869277
2012.1739130434783,0.5532493390884095,0.5106089734278813
2012.2173913043478,0.5536963169660963,0.5102480751875275
2012.2608695652175,0.555456771325443,0.5105213229681602
2012.304347826087,0.5614094518115058,0.513588105346775
2012.3478260869565,0.5562773260259548,0.5106062256202347
2012.391304347826,0.556974365469,0.5105497989522962
2012.4347826086957,0.5574781403544609,0.5105565538743881
2012.4782608695652,0.561802106358654,0.5106671090352057
2012.5217391304348,0.5626592274811685,0.5135949231198013
2012.5652173913045,0.5670493825666805,0.5180259557379817
2012.608695652174,0.5661079842598664,0.5112720289372916
2012.6521739130435,0.5615709076068602,0.5128007383981449
2012.695652173913,0.5625199154056943,0.5143015367429014
2012.7391304347827,0.562812821236409,0.512228461451142
2012.7826086956522,0.5619463252661321,0.5112318270547982
2012.8260869565217,0.5622741103346514,0.5116652604745311
2012.8695652173913,0.5630788949190981,0.5115236781119606
2012.913043478261,0.5636668692513755,0.5111478748823219
2012.9565217391305,0.5647402633243818,0.5119850434141072
2013.0,0.5625654297335916,0.5103594985924839
2013.0434782608695,0.5615302740452528,0.5095977576497862
2013.0869565217392,0.5715791168656383,0.5106775533145234
2013.1304347826087,0.5634452932040186,0.5149652930520874
2013.1739130434783,0.5662051264494543,0.520285127859048
2013.2173913043478,0.5536311988709917,0.5296937875031558
2013.2608695652175,0.5630269074803866,0.5324185826365366
2013.304347826087,0.5653195423911574,0.53084700620272
2013.3478260869565,0.5622458395524863,0.5350001568252702
2013.391304347826,0.5642364279855245,0.5346495269909941
2013.4347826086957,0.5649783996649672,0.5479888362507059
2013.4782608695652,0.56035625517546,0.546186761883533
2013.5217391304348,0.5620816224128029,0.5497619557163638
2013.5652173913045,0.5682482215070919,0.5610587257420374
2013.608695652174,0.5694382808013794,0.5520498766559866
2013.6521739130435,0.5736852905412774,0.5548277129394695
2013.695652173913,0.5677722184396432,0.5482900744955252
2013.7391304347827,0.5668528995153685,0.5483248016585045
2013.7826086956522,0.5653110040672937,0.5496643545075792
2013.8260869565217,0.5645156097497563,0.5455585882679511
2013.8695652173913,0.5649516019890187,0.5458513617446611
2013.913043478261,0.5655156898790015,0.5514948244801381
2013.9565217391305,0.5674493005816476,0.55051337771868
2014.0,0.5630587106321141,0.5470864567682049
2014.0434782608695,0.5599380770778268,0.5486197751364156
2014.0869565217392,0.5624720159480574,0.5516167597175671
2014.1304347826087,0.5582144618164304,0.5507264424901006
2014.1739130434783,0.5565230504783305,0.5467890225258057
2014.2173913043478,0.5547134549947313,0.5533194468093977
2014.2608695652175,0.5466718028559154,0.5478563549012075
2014.304347826087,0.5465647178474239,0.5519536781300752
2014.3478260869565,0.543822218345436,0.551950087598532
2014.3913043478262,0.5436587041255269,0.5551923810802554
2014.4347826086957,0.5343864567850996,0.5541168089071744
2014.4782608695652,0.5298029620388417,0.5560342979472498
2014.5217391304348,0.5380966342723572,0.5618782723176584
2014.5652173913045,0.5437528759750456,0.5634399377894699
2014.608695652174,0.5329459523781244,0.5571965632823336
2014.6521739130435,0.5372977143104081,0.5595982065439336
2014.695652173913,0.5356425692203577,0.5585841291213074
2014.7391304347827,0.5343070400689258,0.5592324399359498
2014.7826086956522,0.5336265372844774,0.5578188671646306
2014.8260869565217,0.5330372302762862,0.5567561542100908
2014.8695652173913,0.5310047816936567,0.558875216533793
2014.913043478261,0.5297878205053059,0.5589385827062612
2014.9565217391305,0.5324049559082391,0.5606493110058594
2015.0,0.5317791922160022,0.5584120163526459
2015.0434782608695,0.5283301381439959,0.5567063693478448
2015.0869565217392,0.5315911707011505,0.5580750068831709
2015.1304347826087,0.5267057751542445,0.5561025359440878
2015.1739130434783,0.5255152868405111,0.5486641185717035
2015.2173913043478,0.5231387829059273,0.5452459159994761
2015.2608695652175,0.5204835124651123,0.5467178265501949
2015.304347826087,0.5161969181159978,0.5461701681958718
2015.3478260869565,0.5145322270043365,0.5456565035121027
2015.3913043478262,0.5085621309446724,0.5447162731575009
2015.4347826086957,0.512444557928307,0.5451818070582395
2015.4782608695652,0.5118205089964749,0.5438706576504792
2015.5217391304348,0.5251776552843239,0.5480500526780111
2015.5652173913045,0.5097214642304604,0.5479680162993688
2015.608695652174,0.5124228285474071,0.5483375907733792
2015.6521739130435,0.5123373936797906,0.5486954435878637
2015.695652173913,0.5143438322182899,0.5490873240664422
2015.7391304347827,0.5110188394198365,0.5477489793159223
2015.7826086956522,0.5106249600746828,0.5481195037901756
2015.8260869565217,0.5077883539896845,0.5482263202485562
2015.8695652173913,0.5069760937361336,0.5499533404543708
2015.913043478261,0.5027260496799302,0.5489211074704133
2015.9565217391305,0.5021179481996132,0.548633109991068
2016.0,0.49902446038460335,0.5464382282209765
2016.0434782608695,0.4983108639951323,0.5456743430185038
2016.0869565217392,0.5004268207097241,0.5458711851993495
2016.1304347826087,0.49656851206956437,0.5417712147598918
2016.1739130434783,0.4981267052826924,0.5368685178246188
2016.2173913043478,0.5019717685690128,0.5377641778864484
2016.2608695652175,0.49489827495208766,0.5389336909363304
2016.304347826087,0.49423175009912934,0.5389688464312004
2016.3478260869565,0.491589637146092,0.5381018388295391
2016.3913043478262,0.49321735121858656,0.5369425030581326
2016.4347826086957,0.4947996197735905,0.5359695652007964
2016.4782608695652,0.4945992597994604,0.5345571047194978
2016.5217391304348,0.5035074579145158,0.5346698640883991
2016.5652173913045,0.497874299290308,0.5419747181675661
2016.608695652174,0.5005461805388695,0.5297203862198653
2016.6521739130435,0.5061094532638919,0.5416430319654896
2016.695652173913,0.5012229454527137,0.5337901657341774
2016.7391304347827,0.5001060029824151,0.5343293043313191
2016.7826086956522,0.5000785188922324,0.5342761745739973
2016.8260869565217,0.5002229103903533,0.5340297334664743
2016.8695652173913,0.49942580907715756,0.5334512569660694
2016.913043478261,0.49743871819276764,0.5335862014106657
2016.9565217391305,0.5000690732327198,0.5364697017985433
2017.0,0.49962930229344404,0.5353902533860312
2017.0434782608695,0.4985183570573746,0.5351865043001112
2017.0869565217392,0.5005493884053602,0.5343343025699809
2017.1304347826087,0.5044812553000219,0.5322372383098342
2017.1739130434783,0.501629286572882,0.5239145485030413
2017.217391304348,0.48685410546053426,0.5107591754892148
2017.2608695652175,0.4812773213347994,0.5225302703858345
2017.304347826087,0.483202222378189,0.5156744911517079
2017.3478260869565,0.4834136165054004,0.5175468258120455
2017.3913043478262,0.4808599775068462,0.5080428521764829
2017.4347826086957,0.481172126601976,0.5042687502128764
2017.4782608695652,0.48076456812643786,0.5029866762471055
2017.5217391304348,0.48162946613504615,0.5008464543343765
2017.5652173913045,0.4768361597170173,0.5034502197422881
2017.608695652174,0.4680749650633723,0.5019862672925528
2017.6521739130435,0.47307821563630537,0.5053158764225258
2017.695652173913,0.46993767601933323,0.5034652856245805
2017.7391304347827,0.4692430890602911,0.5035674405214282
2017.7826086956522,0.46916542701610975,0.5030832529439352
2017.8260869565217,0.4696244646611595,0.5025926749019477
2017.8695652173913,0.4697329078861057,0.5025358735057849
2017.913043478261,0.46992511646447244,0.5024858080310546
2017.9565217391305,0.47014134461538915,0.503898069924623
2018.0,0.4687093688371724,0.5007844973556059
2018.0434782608695,0.46926356067540786,0.5012012700462388
2018.0869565217392,0.4707280186200695,0.49966282793107136
2018.1304347826087,0.46625630377715005,0.49778688514178315
2018.1739130434783,0.47506431853127945,0.49698309332433543
2018.217391304348,0.4823932034980536,0.49370708007724035
2018.2608695652175,0.4878195813775148,0.49291455403228834
2018.304347826087,0.48604881812074263,0.4878294365521764
2018.3478260869565,0.48421431913003726,0.4815845498557306
2018.3913043478262,0.48438792682838216,0.4823901518238043
2018.4347826086957,0.48565803191491735,0.4895020901692476
2018.4782608695652,0.4750496616689993,0.49148499756067143
2018.5217391304348,0.4875446755334425,0.49041171378413756
2018.5652173913045,0.47574170679921873,0.5092396824583744
2018.608695652174,0.4774520036229113,0.48441748976782806
2018.6521739130435,0.47498997046162367,0.49600967957535785
2018.695652173913,0.47241446213871635,0.4957809252813337
2018.7391304347827,0.4722111174704022,0.49596296096452963
2018.7826086956522,0.47296979983713916,0.49396798622281407
2018.8260869565217,0.4735014703631051,0.4938104216760693
2018.8695652173913,0.472588140572225,0.49217118411906086
2018.913043478261,0.4713734498650969,0.4934204902339293
2018.9565217391305,0.4736902361079547,0.49281217634744345
2019.0,0.4713643199209403,0.49164263680542325
2019.0434782608695,0.4697951905109022,0.49270322613943596
2019.0869565217392,0.47068264450855446,0.49209660174334724
2019.1304347826087,0.47340165188789196,0.49940312541241993
2019.1739130434783,0.47685415137501,0.5022550264058926
2019.217391304348,0.4757351427385752,0.5002107047979248
2019.2608695652175,0.478217602930163,0.5004618231086646
2019.304347826087,0.47857752648467833,0.49892555872316824
2019.3478260869565,0.4742037689742213,0.5000386391440625
2019.3913043478262,0.47457385328197876,0.5015087629762999
2019.4347826086957,0.47587735312552315,0.5016310929707992
2019.4782608695652,0.47776325508067086,0.5016573981775442
2019.5217391304348,0.481357165592594,0.5018487837807187
2019.5652173913045,0.47685201033398694,0.5049709431739849
2019.608695652174,0.4740453667341784,0.49938004453737805
2019.6521739130435,0.48106777472183176,0.5054426337374979
2019.695652173913,0.4812911370205172,0.5102001720984809
2019.7391304347827,0.4733311773020279,0.5013650371708753
2019.7826086956522,0.4730597849676992,0.5009960531601153
2019.8260869565217,0.4740134326629074,0.5013814295002355
2019.8695652173913,0.4743708576012208,0.5009567177202711
2019.913043478261,0.47531662842961747,0.5020472143003673
2019.9565217391305,0.4773144453893615,0.5036312629817797
2020.0,0.47703672469285263,0.5013124155151306
2020.0434782608695,0.47625135244241806,0.5025403735990546
2020.0869565217392,0.4790023541103754,0.5045881676155665
2020.1304347826087,0.4737520385072178,0.5012790668697352
2020.1739130434783,0.47396680030163074,0.5051022648501686
2020.217391304348,0.47492758484867303,0.5011516978210668
2020.2608695652175,0.48017540400990066,0.49998129813283515
2020.304347826087,0.47982936724341074,0.4982352663501033
2020.3478260869565,0.4784747037980206,0.5004292360280784
2020.3913043478262,0.47944433565260747,0.5028928782094416
2020.4347826086957,0.48097274903659143,0.5013134150030001
2020.4782608695652,0.4809399344599967,0.5019338793227885
2020.5217391304348,0.48625834062224166,0.5043746666180493
2020.5652173913045,0.47980314585151174,0.5079922048217305
2020.608695652174,0.472807639761443,0.5006904973427069
2020.6521739130435,0.4790402849949388,0.5076768500824134
2020.695652173913,0.4809619441538659,0.508317675169334
2020.7391304347827,0.47740661052426503,0.5083313696028077
2020.7826086956522,0.477297477165022,0.5067560909554542
2020.8260869565217,0.477402970432437,0.5069628465066776
2020.8695652173913,0.47737887838144377,0.5074075022690134
2020.913043478261,0.4797233892942698,0.5056181324372571
2020.9565217391305,0.4791714497216095,0.5076093761507934
2021.0,0.4766594239514047,0.505883777952731
2021.0434782608695,0.4765214211723807,0.5071791666427009
2021.0869565217392,0.47814184330663434,0.5021210943678474
2021.1304347826087,0.47914192144128387,0.49732766115636395
2021.1739130434783,0.48378754870179447,0.5100634587374646
2021.217391304348,0.4821299764523015,0.5113085666927554
2021.2608695652175,0.4880843400427195,0.5179663456147086
2021.304347826087,0.4857701841577893,0.5156330320062428
2021.3478260869565,0.48785950513486115,0.5144570464085165
2021.3913043478262,0.4870004835993822,0.5167870717475344
2021.4347826086957,0.48828913166614074,0.5186266440827975
2021.4782608695652,0.4880646830485011,0.5243908781475813
2021.5217391304348,0.4979956899500067,0.525871493037296
2021.5652173913045,0.49868307396740386,0.5300227903056383
2021.608695652174,0.4900863854478641,0.5263300087206104
2021.6521739130435,0.49707629579372525,0.5286493962137655
2021.695652173913,0.4961447333042345,0.5256929241100302
2021.7391304347827,0.4951824339905216,0.5253165454687143
2021.7826086956522,0.49482126466325127,0.5245152773148964
2021.8260869565217,0.4951493070502118,0.524566202336441
2021.8695652173913,0.49581401476453946,0.5247638054415061
2021.913043478261,0.49507296212152446,0.5259563116832147
2021.9565217391305,0.496949384711058,0.5267806909363217
2022.0,,
2022.0434782608695,,
2022.0869565217392,,
2022.1304347826087,,
2022.1739130434783,,
2022.217391304348,,
2022.2608695652175,,
2022.304347826087,,
2022.3478260869565,,
2022.3913043478262,,
2022.4347826086957,,
2022.4782608695652,,
2022.5217391304348,,
2022.5652173913045,,
2022.608695652174,,
2022.6521739130435,,
2022.695652173913,,
2022.7391304347827,,
2022.7826086956522,,
2022.8260869565217,,
2022.8695652173913,,
2022.913043478261,,
2022.9565217391305,,
