Year,KNDVI_2011_Fire,KNDVI_2014_Fire
2002.0,0.17963749549326766,0.1888019574431872
2003.0,0.17949749747486626,0.18923164430799855
2004.0,0.17416738816151425,0.18253728915237616
2005.0,0.1882835221105315,0.19141258034553432
2006.0,0.18296549021268876,0.1877299087753553
2007.0,0.18863597524400086,0.18961338946469483
2008.0,0.18630115190278876,0.18536747589247698
2009.0,0.1843968931056246,0.1874906115393545
2010.0,0.18833878057126335,0.19816461968849075
2011.0,0.1966162093460924,0.1962846005057033
2012.0,0.17440049999247126,0.19156313789977594
2013.0,0.17041128898130767,0.19831923446805982
2014.0,0.17434436202793563,0.19869420276621336
2015.0,0.17668825875624822,0.18230808433499093
2016.0,0.17976596100324774,0.18134575322117083
2017.0,0.1779861515361025,0.18211469468748492
2018.0,0.18205011585992573,0.18316805587756854
2019.0,0.17841547474083416,0.18283657800220243
2020.0,0.18804811887161904,0.18849086287134828
2021.0,0.18995335471301306,0.19160840139196267
2022.0,0.18294747385025834,0.17939290831287286
