Year,Fire_Area_TAC,Non_Fire_Area_TAC
2000.0,,
2000.0434782608695,,
2000.0869565217392,,
2000.1304347826087,,
2000.1739130434783,,
2000.2173913043478,,
2000.2608695652175,,
2000.304347826087,,
2000.3478260869565,,
2000.391304347826,,
2000.4347826086957,,
2000.4782608695652,,
2000.5217391304348,,
2000.5652173913043,,
2000.608695652174,,
2000.6521739130435,,
2000.695652173913,,
2000.7391304347825,,
2000.7826086956522,,
2000.8260869565217,,
2000.8695652173913,,
2000.9130434782608,,
2000.9565217391305,,
2001.0,,
2001.0434782608695,,
2001.0869565217392,,
2001.1304347826087,,
2001.1739130434783,,
2001.2173913043478,,
2001.2608695652175,,
2001.304347826087,,
2001.3478260869565,,
2001.391304347826,,
2001.4347826086957,,
2001.4782608695652,,
2001.5217391304348,,
2001.5652173913043,,
2001.608695652174,,
2001.6521739130435,,
2001.695652173913,,
2001.7391304347825,,
2001.7826086956522,,
2001.8260869565217,,
2001.8695652173913,,
2001.913043478261,,
2001.9565217391305,,
2002.0,0.5108945212312451,0.4988549953804187
2002.0434782608695,0.5109523661804858,0.49903059006183675
2002.0869565217392,0.5123987465597185,0.5002515644827612
2002.1304347826087,0.5120319868794824,0.4998776625083384
2002.1739130434783,0.5123168063896437,0.5011223582680917
2002.2173913043478,0.5177474752168049,0.5052805791507934
2002.2608695652175,0.520061978941317,0.5090129671557679
2002.304347826087,0.5256786064401097,0.5135136781979831
2002.3478260869565,0.5205540011669825,0.50997261806982
2002.391304347826,0.522862499750843,0.5112991023792941
2002.4347826086957,0.521638089062102,0.5120146229208232
2002.4782608695652,0.5220824714004437,0.5112615086110898
2002.5217391304348,0.5299598153174008,0.5144708476766283
2002.5652173913043,0.5232836310924761,0.5098527810828987
2002.608695652174,0.5244722169621219,0.5110334331768492
2002.6521739130435,0.5256368475815466,0.5118215632034198
2002.695652173913,0.5261810258728757,0.512827954143028
2002.7391304347825,0.5252433141221566,0.512098415355446
2002.7826086956522,0.5247410438565335,0.5108462916960642
2002.8260869565217,0.5252118739267878,0.5110455123303147
2002.8695652173913,0.5251555966919558,0.5109023807906985
2002.913043478261,0.5256613642451489,0.5111762392089213
2002.9565217391305,0.5271612881436796,0.5127430608615229
2003.0,0.5248286962266655,0.5109999772996451
2003.0434782608695,0.5242087263127244,0.5107611832923882
2003.0869565217392,0.5248757248604763,0.5107581247765871
2003.1304347826087,0.5221826430983582,0.5075994234860325
2003.1739130434783,0.5254381653617745,0.5133696548671481
2003.2173913043478,0.5247525614952053,0.5110136968056749
2003.2608695652175,0.5276020625884154,0.5149916798535895
2003.304347826087,0.5250784283869055,0.5119127518847547
2003.3478260869565,0.5260317479793766,0.5127544509327697
2003.391304347826,0.5261672966413584,0.5125977677621594
2003.4347826086957,0.527538893787557,0.512273876117977
2003.4782608695652,0.5281539632247374,0.5141581727767589
2003.5217391304348,0.5248794100437589,0.5126004766549619
2003.5652173913043,0.5255909534904605,0.5144793219659421
2003.608695652174,0.5233334064776438,0.5121334485988641
2003.6521739130435,0.5249111452117484,0.5118448039081264
2003.695652173913,0.5238810154914638,0.5103919939776896
2003.7391304347825,0.5240725348632739,0.5105719382539219
2003.7826086956522,0.5235443097014141,0.5102454081041636
2003.8260869565217,0.5233592418684155,0.5101516404640735
2003.8695652173913,0.5231442389844094,0.5099668194146803
2003.913043478261,0.5227613745309101,0.5098971558873356
2003.9565217391305,0.5239656048076821,0.5110963093574966
2004.0,0.5224492153632437,0.509999279329203
2004.0434782608695,0.522264695707484,0.5100049137150091
2004.0869565217392,0.5226751665713105,0.5107295451927674
2004.1304347826087,0.5221975569818842,0.510772527266026
2004.1739130434783,0.5241840443312914,0.5130033508642411
2004.2173913043478,0.5208992943860189,0.5058440883118517
2004.2608695652175,0.5225201441951245,0.5087922954758611
2004.304347826087,0.5217513937479181,0.5105791145156617
2004.3478260869565,0.5190730936991954,0.5072441546221444
2004.391304347826,0.5181388991623989,0.5064711199536218
2004.4347826086957,0.518960967952728,0.5083082644928048
2004.4782608695652,0.5164708931432821,0.5036999912275295
2004.5217391304348,0.5195167554376102,0.5081013887203242
2004.5652173913043,0.5166061597687001,0.5034784866526105
2004.608695652174,0.512785301237782,0.5029423838065552
2004.6521739130435,0.513465489451438,0.5003151725231569
2004.695652173913,0.5134974018997391,0.5012744984941957
2004.7391304347825,0.5124769498507227,0.5001866824732004
2004.7826086956522,0.5118638611805832,0.4997114593435173
2004.8260869565217,0.5118989178230489,0.4996073358335872
2004.8695652173913,0.5118346492079614,0.49947203300184617
2004.913043478261,0.5113472942201003,0.4990557009634793
2004.9565217391305,0.5122391995656265,0.5002087697322914
2005.0,0.5103341940493018,0.4982872411400577
2005.0434782608695,0.5095137239041256,0.49778997111397716
2005.0869565217392,0.5081809337591633,0.4963602232998446
2005.1304347826087,0.509452227053543,0.4962738311025043
2005.1739130434783,0.5080531922786136,0.49580262824821447
2005.2173913043478,0.5020487921099128,0.49329863126745926
2005.2608695652175,0.49694576276497365,0.49108049504143947
2005.304347826087,0.4960404460459717,0.49057139106157105
2005.3478260869565,0.4925924338941626,0.48891012371991854
2005.391304347826,0.49489957548578345,0.4902492798678918
2005.4347826086957,0.4939981879253247,0.4908312496144759
2005.4782608695652,0.4923597203339591,0.49217758205980566
2005.5217391304348,0.49379185351272387,0.48993741428817134
2005.5652173913043,0.49180509836869657,0.4912445993857166
2005.608695652174,0.49208779025108246,0.4911593214281986
2005.6521739130435,0.49207542044947244,0.4906561423140116
2005.695652173913,0.49217447110722734,0.49043702201325523
2005.7391304347825,0.4917780838698014,0.4901619207270169
2005.7826086956522,0.4913790233258539,0.4902272530103237
2005.8260869565217,0.49150694990563226,0.49039895605210304
2005.8695652173913,0.4915482969460055,0.49047830491936456
2005.913043478261,0.49152138954212654,0.4904858681854817
2005.9565217391305,0.4924879487512307,0.49158016411407923
2006.0,0.4905790357372869,0.49034124296387915
2006.0434782608695,0.49074200235786364,0.49068987698236044
2006.0869565217392,0.49221043026255157,0.4917803770220915
2006.1304347826087,0.492723184447523,0.49197380207570823
2006.1739130434783,0.4911346893631007,0.4893039604950697
2006.2173913043478,0.48599861433604546,0.4824201224672256
2006.2608695652175,0.4766819716102815,0.4773753788952144
2006.304347826087,0.48003395019322864,0.47995432486982675
2006.3478260869565,0.4763526993788818,0.478055717975272
2006.391304347826,0.47750388047561987,0.4785101476268184
2006.4347826086957,0.4795655558926964,0.4805964742328359
2006.4782608695652,0.4706556801310317,0.4770898711502259
2006.5217391304348,0.48147487054844834,0.48336181922541765
2006.5652173913043,0.47947341357161216,0.48391325096690707
2006.608695652174,0.47747467141203226,0.4781661633928245
2006.6521739130435,0.4780238722337367,0.47887984233686054
2006.695652173913,0.47878280527551015,0.4775828503616304
2006.7391304347827,0.4776865170027258,0.4772613973791667
2006.7826086956522,0.4769813996205803,0.4767733737875714
2006.8260869565217,0.4762496442256673,0.47611363482663904
2006.8695652173913,0.4754678889585379,0.47529898435663354
2006.913043478261,0.47470634540499296,0.47500952994840095
2006.9565217391305,0.476481329843343,0.4765273847901339
2007.0,0.47499715062946235,0.4752813786349171
2007.0434782608695,0.47528770355711014,0.47619905146785385
2007.0869565217392,0.4780685717527543,0.47737824125936257
2007.1304347826087,0.47283687458688123,0.4740817819805006
2007.1739130434783,0.4738727509624133,0.47602969128328354
2007.2173913043478,0.46760140279991097,0.4688503459297319
2007.2608695652175,0.47126139711731324,0.47223623466826664
2007.304347826087,0.4698678360951912,0.47158336890112473
2007.3478260869565,0.4684172650369812,0.4698936718105668
2007.391304347826,0.46708774101351686,0.47061189223384925
2007.4347826086957,0.4654581858379799,0.46996887780860874
2007.4782608695652,0.4649334105962937,0.46882684919250506
2007.5217391304348,0.47191423976207597,0.4706845288667834
2007.5652173913043,0.46084882797508464,0.4656082620626603
2007.608695652174,0.46465981466679707,0.46640307926682073
2007.6521739130435,0.4659382446718347,0.4678152880557641
2007.695652173913,0.4639029435964571,0.46624455026692063
2007.7391304347827,0.4653243603295878,0.46722278231701103
2007.7826086956522,0.46391423357589756,0.46612423922062085
2007.8260869565217,0.4640770992247405,0.4660714830138578
2007.8695652173913,0.46405129158703096,0.4657810968067269
2007.913043478261,0.4641239547272278,0.46586137187520843
2007.9565217391305,0.46552072284870655,0.46725487508837554
2008.0,0.46378570066415087,0.46611077166447606
2008.0434782608695,0.46467012675697034,0.4663679209535421
2008.0869565217392,0.463835281190548,0.46597657989643126
2008.1304347826087,0.46308607315768047,0.46483240497986605
2008.1739130434783,0.46891157408214457,0.4693713919860255
2008.2173913043478,0.4658951097051283,0.46511318993022244
2008.2608695652175,0.4639468923844098,0.4618422211126314
2008.304347826087,0.4663192905846858,0.4645339998558532
2008.3478260869565,0.4652874832525432,0.4636215607231634
2008.391304347826,0.46364146810557505,0.4620293085216947
2008.4347826086957,0.4665454846698134,0.4641442247531971
2008.4782608695652,0.4660113205221031,0.4621349172525552
2008.5217391304348,0.47006563345134506,0.466202940740144
2008.5652173913043,0.47177441265799774,0.4678632871366807
2008.608695652174,0.4693053886352006,0.4654879773130974
2008.6521739130435,0.4697527672843788,0.4667488894387504
2008.695652173913,0.4721891374995481,0.4685571883760866
2008.7391304347827,0.4691316377755159,0.46651597154176916
2008.7826086956522,0.46908170047730974,0.46645671189511334
2008.8260869565217,0.4690590635514679,0.4663405773949348
2008.8695652173913,0.4691775215595645,0.4664643528896101
2008.913043478261,0.46921676231925824,0.466142024599934
2008.9565217391305,0.4705958273463984,0.4677568722446263
2009.0,0.4682387723377448,0.4659672679683194
2009.0434782608695,0.46888675382777767,0.46688176822222605
2009.0869565217392,0.46964810376223753,0.4683377619327037
2009.1304347826087,0.465996177406832,0.4636655095663917
2009.1739130434783,0.4722170607024864,0.4698775194725193
2009.2173913043478,0.4730499546008872,0.4728883960729858
2009.2608695652175,0.47820536723070184,0.4766297850421677
2009.304347826087,0.4751545397532712,0.4763810698167279
2009.3478260869565,0.47279105294908497,0.47475870683021043
2009.391304347826,0.4730096018552606,0.4742081167856977
2009.4347826086957,0.4729232134208652,0.47243407895818373
2009.4782608695652,0.47349154433022894,0.47326139075319
2009.5217391304348,0.4796804463952195,0.47695815901288424
2009.5652173913045,0.4736467309686568,0.4758460889948267
2009.608695652174,0.47359898746751683,0.4694969136145205
2009.6521739130435,0.4749863977218061,0.4750058153760522
2009.695652173913,0.474967327088336,0.473541482898306
2009.7391304347827,0.47409959202944774,0.4725003782137228
2009.7826086956522,0.47356063536003506,0.4724784682938648
2009.8260869565217,0.47374823336133487,0.47292728066551043
2009.8695652173913,0.4737197543026747,0.4731515628475659
2009.913043478261,0.4735756513937429,0.4735664600557278
2009.9565217391305,0.47497680179804935,0.4752473865251232
2010.0,0.47247554495189187,0.47300321776937976
2010.0434782608695,0.47210434923092953,0.47290083032351427
2010.0869565217392,0.47288424804554036,0.4723111068704575
2010.1304347826087,0.47061607358582097,0.470057909593384
2010.1739130434783,0.47324072637214454,0.4731492861603607
2010.2173913043478,0.4731053957953653,0.4715103705037845
2010.2608695652175,0.47189955029531494,0.4704535186704389
2010.304347826087,0.47448756993945757,0.4716594758792315
2010.3478260869565,0.47297831932813755,0.47082514142357723
2010.391304347826,0.47427310554612545,0.47145233256790103
2010.4347826086957,0.47663348804688604,0.47379162778557976
2010.4782608695652,0.4775475722113182,0.47560491410503836
2010.5217391304348,0.479355243324902,0.4730542006620543
2010.5652173913045,0.47624530266367326,0.4735907931681569
2010.608695652174,0.47499914206526755,0.4703273824123376
2010.6521739130435,0.47898748994318724,0.47242566609718695
2010.695652173913,0.4794373809728615,0.47259061105682015
2010.7391304347827,0.47848519426582464,0.47183095058666646
2010.7826086956522,0.47819786567017813,0.4719223791622354
2010.8260869565217,0.4785151720340692,0.4725037636511783
2010.8695652173913,0.47858823025289277,0.4724630458058709
2010.913043478261,0.4784343291435286,0.4725719116444655
2010.9565217391305,0.4795054541765338,0.47368439493000436
2011.0,0.47737364747843275,0.4720152565897124
2011.0434782608695,0.4776254165444312,0.4722348790896604
2011.0869565217392,0.48026776299522234,0.4735937591281816
2011.1304347826087,0.479074424004898,0.47224992092105733
2011.1739130434783,0.4827454265818034,0.47412586910625915
2011.2173913043478,0.4867548882338619,0.4736113203452822
2011.2608695652175,0.48718042652786203,0.47305959690131694
2011.304347826087,0.4889298390638034,0.4753682829793743
2011.3478260869565,0.4892606351688989,0.47550063409714977
2011.391304347826,0.4887516085253648,0.4742185891559255
2011.4347826086957,0.4903815870100445,0.47528835779874967
2011.4782608695652,0.49080841435067735,0.4757686916358372
2011.5217391304348,0.49913421204931707,0.4774863778150735
2011.5652173913045,0.4948001594685999,0.47785453942161044
2011.608695652174,0.4960112247755745,0.4798684564389156
2011.6521739130435,0.49815999842628395,0.4821577733888851
2011.695652173913,0.49668429070422637,0.48203127791319483
2011.7391304347827,0.49626891507085114,0.48042306100378335
2011.7826086956522,0.49597290224616253,0.4806247318689255
2011.8260869565217,0.4963063055132908,0.4813274407328274
2011.8695652173913,0.4963639053659064,0.4814013504590224
2011.913043478261,0.4962956979271171,0.4815277943488605
2011.9565217391305,0.49783174794189955,0.4826533118326231
2012.0,0.49641922307043324,0.4818887410414887
2012.0434782608695,0.49758176946373567,0.4821905078065185
2012.0869565217392,0.4989093896093499,0.48218625539142007
2012.1304347826087,0.4950768386027909,0.4797086668459762
2012.1739130434783,0.49731931900465015,0.4829088465038193
2012.2173913043478,0.5020480535001818,0.49023159494185653
2012.2608695652175,0.5020557105320632,0.49016075253045077
2012.304347826087,0.5046291348212973,0.49136943937278754
2012.3478260869565,0.5057558037052376,0.49239988877931734
2012.391304347826,0.5050776463336344,0.49254640177490683
2012.4347826086957,0.5044558524150252,0.49291898734946016
2012.4782608695652,0.5070886803273169,0.4960704356432474
2012.5217391304348,0.5098713937340809,0.49591307674150037
2012.5652173913045,0.5098386610509515,0.5005461570454927
2012.608695652174,0.5113939766600094,0.4961439607326741
2012.6521739130435,0.5106569863776818,0.4976124058070192
2012.695652173913,0.5134765995459379,0.49836684924904484
2012.7391304347827,0.5125205402865487,0.4983426128556979
2012.7826086956522,0.5118799782521076,0.4975870578758139
2012.8260869565217,0.5116750115229757,0.4973757979080615
2012.8695652173913,0.5116242528019276,0.49714846425135667
2012.913043478261,0.5115006480119652,0.49692407942193617
2012.9565217391305,0.5129849378587672,0.4986875974992124
2013.0,0.511361639719784,0.4973648438671559
2013.0434782608695,0.5114917418938674,0.4975749550912061
2013.0869565217392,0.5141966635182759,0.5005255376355742
2013.1304347826087,0.5115575577217792,0.4963155019045499
2013.1739130434783,0.5118217404153795,0.494398923147773
2013.2173913043478,0.5063705491794284,0.49061637954455434
2013.2608695652175,0.5142802995101297,0.4964693275157249
2013.304347826087,0.5125605664520084,0.494983137470918
2013.3478260869565,0.5115585949290263,0.49412131602250514
2013.391304347826,0.512053486486177,0.49536007530352066
2013.4347826086957,0.5126349569482045,0.497288083627894
2013.4782608695652,0.5120686902030173,0.49529672821377074
2013.5217391304348,0.5171205269034033,0.4975932414686656
2013.5652173913045,0.5203446868633471,0.5049849365003599
2013.608695652174,0.5188915468725993,0.5015055348751993
2013.6521739130435,0.5202669015277871,0.5036855226129963
2013.695652173913,0.5184774969731301,0.5021443701506717
2013.7391304347827,0.5181718437341155,0.5017717517352658
2013.7826086956522,0.5175604091563792,0.5005731200642676
2013.8260869565217,0.5175530498912002,0.5003188598937635
2013.8695652173913,0.5176513677125064,0.4997960769656839
2013.913043478261,0.5174342997718057,0.4989118433539669
2013.9565217391305,0.5187876909102845,0.5003642822080333
2014.0,0.5170737431885116,0.49883152733445785
2014.0434782608695,0.5172219866945702,0.4987945350010225
2014.0869565217392,0.5182545881378109,0.4997915318282555
2014.1304347826087,0.5170538894884994,0.4979163344662892
2014.1739130434783,0.5184021207947441,0.5001184847700921
2014.2173913043478,0.5187593924619408,0.50296500240737
2014.2608695652175,0.5190117937329,0.5031184354027648
2014.304347826087,0.5186133176285667,0.5033530583934956
2014.3478260869565,0.5166583350569646,0.5025708317791567
2014.3913043478262,0.5177224823199544,0.5026955371030963
2014.4347826086957,0.5169875559742523,0.5030147061698598
2014.4782608695652,0.5174791095832662,0.506278592754056
2014.5217391304348,0.5251697751699957,0.5134152722628775
2014.5652173913045,0.5244994863882068,0.5115185232055021
2014.608695652174,0.517272763146483,0.5090735212068337
2014.6521739130435,0.5194892389638726,0.5101493466514171
2014.695652173913,0.5188498513765298,0.5105824569228985
2014.7391304347827,0.5171541671544754,0.5089339943450226
2014.7826086956522,0.5163657364438705,0.5084465940435646
2014.8260869565217,0.5162298629551412,0.508792393858763
2014.8695652173913,0.5162846787097934,0.5088370376261441
2014.913043478261,0.5157295739855017,0.5087897823819751
2014.9565217391305,0.5171429124312914,0.5103934317204245
2015.0,0.5160267783655735,0.5097101514641709
2015.0434782608695,0.5151532942876446,0.5094291600938745
2015.0869565217392,0.5162473236510752,0.5098342943182856
2015.1304347826087,0.5145602180428637,0.5097445230346714
2015.1739130434783,0.5096349735463973,0.5098430755821596
2015.2173913043478,0.5112286056852419,0.5090749186879764
2015.2608695652175,0.5126633498682448,0.5099964788621646
2015.304347826087,0.5103635980555712,0.5108120176000854
2015.3478260869565,0.5100184547767493,0.5114213402206523
2015.3913043478262,0.5116031015783694,0.5122272077256543
2015.4347826086957,0.5104841519649876,0.5129956999623502
2015.4782608695652,0.5135753277346806,0.5158633677424789
2015.5217391304348,0.5197571911730599,0.5183180962883277
2015.5652173913045,0.5114213345736439,0.5123346228961395
2015.608695652174,0.5126703413053992,0.5137273168065334
2015.6521739130435,0.5128589413082679,0.5128553259771543
2015.695652173913,0.5139220931059116,0.5142962167641101
2015.7391304347827,0.5132733758837287,0.5133422018178478
2015.7826086956522,0.5127002853867371,0.5128390433826907
2015.8260869565217,0.5123338912086585,0.5125534051852884
2015.8695652173913,0.5123975344982585,0.5122985931932765
2015.913043478261,0.5120022750369677,0.5122196812094368
2015.9565217391305,0.5128270020464605,0.5128823994333302
2016.0,0.5112620432048164,0.5121517445768904
2016.0434782608695,0.5109726892072005,0.5124618769637429
2016.0869565217392,0.5122300717646685,0.513413062796265
2016.1304347826087,0.5093717795030456,0.5099790502765907
2016.1739130434783,0.5069207633511289,0.5044184197501056
2016.2173913043478,0.5054495807871934,0.5038042223444928
2016.2608695652175,0.506546579182902,0.5037461333559019
2016.304347826087,0.5059857178404404,0.5043194603349499
2016.3478260869565,0.5050499383443766,0.5043415360277658
2016.3913043478262,0.5053417762086185,0.5046625448569414
2016.4347826086957,0.5056298397054345,0.5027245273062623
2016.4782608695652,0.5034155021182457,0.5009524411984705
2016.5217391304348,0.5059373198515135,0.5003105684957464
2016.5652173913045,0.5022904122530382,0.500678391428017
2016.608695652174,0.5029475042613822,0.4979947860661133
2016.6521739130435,0.5049765400315555,0.4996243476624854
2016.695652173913,0.5026790727502741,0.4973634959677587
2016.7391304347827,0.5022490604733525,0.4973019801783434
2016.7826086956522,0.5023885340976685,0.4975913137231113
2016.8260869565217,0.5027242060474043,0.49816099116427265
2016.8695652173913,0.5028993598363053,0.4988963493021638
2016.913043478261,0.502845243539794,0.4986316505215981
2016.9565217391305,0.5041612504812776,0.4996543092404712
2017.0,0.5028427567717387,0.4987296730401403
2017.0434782608695,0.5027499766625361,0.49869566339852306
2017.0869565217392,0.5032058851338023,0.49928502473210107
2017.1304347826087,0.5042881786633381,0.49886304530502124
2017.1739130434783,0.5056909396235163,0.4997558693150345
2017.217391304348,0.4973106940617629,0.4921956289550918
2017.2608695652175,0.5000115323880352,0.49598827916378707
2017.304347826087,0.4997385228536299,0.4943846533003618
2017.3478260869565,0.49931069616680773,0.4942406797127128
2017.3913043478262,0.49900651634507787,0.4934861609847572
2017.4347826086957,0.4976292228622353,0.49282540290282323
2017.4782608695652,0.49878258873390346,0.49314767612061094
2017.5217391304348,0.4977460965128631,0.49274734895633027
2017.5652173913045,0.4941317065569452,0.4913600935323884
2017.608695652174,0.4942097845298847,0.49032011116894697
2017.6521739130435,0.49617367935077944,0.49209692628464186
2017.695652173913,0.4951625163317128,0.49094127518986264
2017.7391304347827,0.4946109818884311,0.49004664005163173
2017.7826086956522,0.4942928897838611,0.48995546507889076
2017.8260869565217,0.49436984309700066,0.4899976526351843
2017.8695652173913,0.49446645314206855,0.4900359130948588
2017.913043478261,0.4943632474839811,0.4902634236122224
2017.9565217391305,0.4956390727304872,0.49137802693899474
2018.0,0.49389460015903236,0.4905143266825277
2018.0434782608695,0.4934434302948282,0.4906676391567119
2018.0869565217392,0.49369970876214736,0.49053311387176063
2018.1304347826087,0.4922159093659362,0.4882303552578823
2018.1739130434783,0.4912863874856244,0.48637635324967315
2018.217391304348,0.4948585938332034,0.48938800405635496
2018.2608695652175,0.49945933678445203,0.49456700885555727
2018.304347826087,0.49882435665498664,0.4926182829943713
2018.3478260869565,0.49693539219587296,0.4918178889414069
2018.3913043478262,0.49810127492068806,0.49164907330972446
2018.4347826086957,0.4981764630403614,0.49024766764597005
2018.4782608695652,0.49220487303786453,0.48460979235104135
2018.5217391304348,0.5021152578024884,0.49456956843183597
2018.5652173913045,0.4932738588949392,0.4847150253929895
2018.608695652174,0.4909549875833381,0.4841550831244939
2018.6521739130435,0.4936258361857122,0.4831364901666143
2018.695652173913,0.49382779765407414,0.48448708274018826
2018.7391304347827,0.49413427561044854,0.4841882419336876
2018.7826086956522,0.4938929330472057,0.4835448362665334
2018.8260869565217,0.49384131518557617,0.4833771920457635
2018.8695652173913,0.4937584270087892,0.4830129394515191
2018.913043478261,0.49363567363089444,0.4827892100329156
2018.9565217391305,0.49409093554556177,0.48348799309753143
2019.0,0.49294964556264786,0.48248985163642794
2019.0434782608695,0.4933338005313033,0.48238920325761453
2019.0869565217392,0.4944638932518359,0.4826962926158351
2019.1304347826087,0.4955514559304869,0.482662689427137
2019.1739130434783,0.49916378256685046,0.4860552471592036
2019.217391304348,0.4956892784235582,0.4837083797925182
2019.2608695652175,0.49808965176127196,0.48525924868859793
2019.304347826087,0.4973670228315178,0.48420892037220103
2019.3478260869565,0.4958755003844735,0.4829694579413164
2019.3913043478262,0.4963625165540393,0.4824466333712803
2019.4347826086957,0.4979623232476106,0.4837878744273722
2019.4782608695652,0.49905543845282824,0.4823913636043933
2019.5217391304348,0.5061051938650745,0.4884017978432729
2019.5652173913045,0.5016398950947283,0.4845570254886531
2019.608695652174,0.5030533335075874,0.4848740919916179
2019.6521739130435,0.5032232663453974,0.4875770647119424
2019.695652173913,0.5057849846358196,0.48880724492856736
2019.7391304347827,0.5013557592857353,0.48470007252437164
2019.7826086956522,0.5017578131942848,0.4850431229991075
2019.8260869565217,0.5013017599598997,0.4853613952813739
2019.8695652173913,0.5016235360758943,0.48545344270660984
2019.913043478261,0.5014934331711934,0.4857149526754117
2019.9565217391305,0.5034213880768701,0.4873645854835361
2020.0,0.5024746824048953,0.486322792517341
2020.0434782608695,0.502068808353671,0.4856990163981184
2020.0869565217392,0.5035222829527705,0.48633321943087715
2020.1304347826087,0.5030696561117223,0.4848853825656929
2020.1739130434783,0.504825781837437,0.485667784266631
2020.217391304348,0.501899562038557,0.48384318560555756
2020.2608695652175,0.5042729678249254,0.48639454757176237
2020.304347826087,0.5050652572666265,0.48375646458037863
2020.3478260869565,0.5061123402726566,0.4838227648210861
2020.3913043478262,0.5067151255047991,0.48558620270828595
2020.4347826086957,0.5072674146825576,0.4865698873032164
2020.4782608695652,0.5066661078067967,0.48407620650569666
2020.5217391304348,0.5116378363629164,0.4908743269627754
2020.5652173913045,0.5079064594550472,0.4876390579329137
2020.608695652174,0.506485420165688,0.4869721712390529
2020.6521739130435,0.5089442006136928,0.4879562414175951
2020.695652173913,0.5088931598544728,0.4891733173620811
2020.7391304347827,0.5075523240580146,0.48787480907410924
2020.7826086956522,0.506927338452425,0.48689507563098183
2020.8260869565217,0.5068227174860487,0.48657004556714967
2020.8695652173913,0.5068375724109803,0.4861939971126574
2020.913043478261,0.5068327516471707,0.4862243989161559
2020.9565217391305,0.5077703156831094,0.48697492232179634
2021.0,0.5068280818915992,0.4862773027195051
2021.0434782608695,0.5073267235200921,0.4864756859233594
2021.0869565217392,0.5078205275928558,0.48705424899798866
2021.1304347826087,0.5077954100568886,0.48720796914233205
2021.1739130434783,0.5130156078507604,0.49053086920702194
2021.217391304348,0.5141480963890356,0.4907780683644267
2021.2608695652175,0.5173197837524044,0.49772522631031657
2021.304347826087,0.5159288602502878,0.4971542042477541
2021.3478260869565,0.5151311756192293,0.49746765393876596
2021.3913043478262,0.5173910638890679,0.4993385644656699
2021.4347826086957,0.5183493972089201,0.5004488399217538
2021.4782608695652,0.521444842434191,0.4996771023532189
2021.5217391304348,0.5270000486256153,0.5032325970427064
2021.5652173913045,0.5245275909402336,0.5038828875419292
2021.608695652174,0.5244019669552584,0.5058817510836604
2021.6521739130435,0.5258000157956624,0.505397307341281
2021.695652173913,0.5261922532313272,0.5073831677624353
2021.7391304347827,0.5260275273638805,0.5063295083617978
2021.7826086956522,0.5257513909919773,0.506008108978218
2021.8260869565217,0.5260288185502372,0.5060195475651796
2021.8695652173913,0.5261007198671549,0.5057621949094541
2021.913043478261,0.526166031612304,0.505779526841455
2021.9565217391305,0.5274886410486396,0.5074865348338614
2022.0,,
2022.0434782608695,,
2022.0869565217392,,
2022.1304347826087,,
2022.1739130434783,,
2022.217391304348,,
2022.2608695652175,,
2022.304347826087,,
2022.3478260869565,,
2022.3913043478262,,
2022.4347826086957,,
2022.4782608695652,,
2022.5217391304348,,
2022.5652173913045,,
2022.608695652174,,
2022.6521739130435,,
2022.695652173913,,
2022.7391304347827,,
2022.7826086956522,,
2022.8260869565217,,
2022.8695652173913,,
2022.913043478261,,
2022.9565217391305,,
2023.0,,
2023.0434782608697,,
2023.0869565217392,,
2023.1304347826087,,
2023.1739130434783,,
2023.217391304348,,
2023.2608695652175,,
2023.304347826087,,
2023.3478260869565,,
2023.3913043478262,,
2023.4347826086957,,
2023.4782608695652,,
2023.5217391304348,,
2023.5652173913045,,
2023.608695652174,,
2023.6521739130435,,
2023.695652173913,,
2023.7391304347827,,
2023.7826086956522,,
2023.8260869565217,,
2023.8695652173913,,
2023.913043478261,,
2023.9565217391305,,
