Year,Burned_Area_Fraction
2002.0,0.053524184248015735
2003.0,0.09843294213418358
2004.0,0.03303710738755851
2005.0,0.03222305135336816
2006.0,0.0332406213961061
2007.0,0.02903466521945594
2008.0,0.04945390407706397
2009.0,0.024353843022861407
2010.0,0.02693168713113086
2011.0,0.038531985618343395
2012.0,0.05318499423376976
2013.0,0.03900685163828777
2014.0,0.05752662641611831
2015.0,0.04674038396309613
2016.0,0.03405467743029645
2017.0,0.030459263279289057
2018.0,0.041584695746557224
2019.0,0.047418763991588085
2020.0,0.039820907672478124
2021.0,0.06030798453293535
2022.0,0.025778441082694524
