year,NDVI,LAI
1982,0.4844,1.37
1983,0.4813,1.354
1984,0.4972,1.386
1985,0.4862,1.364
1986,0.4859,1.375
1987,0.4854,1.372
1988,0.4945,1.408
1989,0.4909,1.391
1990,0.504,1.415
1991,0.4992,1.421
1992,0.4724,1.338
1993,0.4898,1.391
1994,0.494,1.41
1995,0.5068,1.436
1996,0.4817,1.364
1997,0.5103,1.443
1998,0.5026,1.43
1999,0.4961,1.42
2000,0.4819,1.395
2001,0.5044,1.467
2002,0.4901,1.427
2003,0.5181,1.471
2004,0.502,1.451
2005,0.523,1.497
2006,0.5153,1.487
2007,0.5221,1.504
2008,0.5157,1.496
2009,0.5135,1.496
2010,0.5307,1.527
2011,0.5317,1.53
2012,0.5366,1.537
2013,0.5176,1.49
2014,0.5324,1.532
2015,0.5305,1.533
2016,0.5371,1.55
2017,0.5203,1.517
2018,0.5225,1.533
2019,0.5259,1.53
2020,0.5348,1.542
2021,0.5305,1.537
2022,0.5271,1.526