Year,SST_Anomaly,SST_StdDev,OceanE_Anomaly,OceanE_StdDev
1990.0,-0.12807001842847654,0.03536598429122602,-2.3810857875397815,1.2334455712112042
1991.0,-0.14805979286952342,0.03610005614779106,-3.1150443249698014,1.2187664004626038
1992.0,-0.25024557780432966,0.032068026654618595,0.17239164531456197,1.2845151198682911
1993.0,-0.16879166819271207,0.03638485906935516,0.7672349581866342,1.2964119861257324
1994.0,-0.17566671330940253,0.036449601999355256,0.9615159136704676,1.3002976052354092
1995.0,-0.07863422140389076,0.03809667200213307,0.20941430837110886,1.285255573129422
1996.0,-0.197956656399638,0.03280305739634376,-2.3322805296614106,1.2344216763687716
1997.0,-0.09570612965635006,0.036570711278100604,-0.31260144395150746,1.2748152580829697
1998.0,-0.08764119337196274,0.037458186496409085,1.0226342435009315,1.3015199718320185
1999.0,-0.18043579683364586,0.03502102272795571,-0.09316315145557752,1.2792040239328883
2000.0,-0.06544337259229338,0.03786455719151395,1.4512160338804563,1.310091607639609
2001.0,-0.06639470165281802,0.03711126593712068,1.123668854259492,1.3035406640471896
2002.0,-0.06643570874380011,0.03625309619553303,-0.18004797191444055,1.277466327523711
2003.0,0.02670595909101292,0.037823343745562635,0.9044923520211654,1.299157134002423
2004.0,-0.02462347756308192,0.036689590763697925,-0.20073348670050706,1.2770526172279897
2005.0,0.1371466550504732,0.03808704272928069,-1.2870837993996886,1.255325610974006
2006.0,0.09095405756797104,0.036400824851103325,-0.5844229316268539,1.2693788283294627
2007.0,0.15432021551556752,0.042453045123948124,0.17396968099563992,1.2845466805819126
2008.0,0.039956008097894125,0.03904090015322083,2.117664698847051,1.3234205809389408
2009.0,-0.044205981551291296,0.03578529983426076,1.0384519846148237,1.3018363266542963
2010.0,0.018845339734150257,0.03928920320388356,2.7960867762666055,1.336989022487332
2011.0,0.050243007297960385,0.04088529049310984,2.044781463769823,1.3219629162373963
2012.0,0.18015158905082407,0.04462511463627549,-1.5992399576132428,1.2490824878097349
2013.0,0.11773777010939912,0.04127216833146041,0.6842576939986174,1.2947524408419722
2014.0,0.166035185719543,0.04105081149749353,-0.5324078827731498,1.2704191293065368
2015.0,0.11417438419733272,0.040165675868648214,1.1766941661162065,1.3046011702843239
2016.0,0.21518725982606313,0.03984640393699157,-2.451446891099316,1.2320383491400135
2017.0,0.048620245843051246,0.0364081028499883,-0.5307739134108473,1.2704518086937828
2018.0,0.006285087341310391,0.035544790345903854,-0.8727660927197007,1.2636119651076059
2019.0,0.10452769688409203,0.040029529152159696,-0.6035516859995482,1.268996253242009
2020.0,0.1769819639049015,0.043892760753834824,0.6697524968492274,1.2944623368989843
2021.0,0.029671408125613863,0.03770031746294906,0.5204025371420897,1.2914753377048416
2022.0,0.10076717701605742,0.039374287703841306,-0.7579799569697983,1.2659076878226039
