Year,VPD1_Anomaly,VPD1_StdDev,VPD2_Anomaly,VPD2_StdDev
1990.0,0.026174816798600453,0.047490606569222785,0.06801661344790677,0.06020056301796877
1991.0,-0.03476914245399376,0.04719781397197249,-0.05387250424334589,0.05816907772311456
1992.0,-0.07947842512394798,0.0464322724841321,-0.15576981098362852,0.05647078927744319
1993.0,-0.08304848488495731,0.04701195792781023,-0.14368101796417543,0.056672269161100734
1994.0,-0.039828210749550674,0.04654766588145333,-0.07158686145387527,0.057873838436272404
1995.0,-0.046876572655518256,0.04685799862340772,-0.06864908427903149,0.05792280138918647
1996.0,-0.06213389920604717,0.0481494059123027,-0.10205191132998204,0.05736608760500396
1997.0,-0.09440124194773158,0.048126172034708474,-0.12899449806321783,0.05691704449278336
1998.0,-0.10957407918894901,0.04847254675698632,-0.12409696487164279,0.05699867004597628
1999.0,-0.12795469685820215,0.04789165739738996,-0.13810514997352286,0.05676520029427828
2000.0,-0.10611621159101414,0.048120310057685516,-0.0942669238406002,0.05749583739649366
2001.0,-0.07956831457625002,0.04829519887226703,-0.06542782575795147,0.05797648903120447
2002.0,-0.05663053981900967,0.04793020306693517,-0.02273014443691368,0.058688117053221765
2003.0,-0.08267003262736461,0.04936059752817576,-0.0877079211100189,0.057605154108670016
2004.0,-0.07184574807068245,0.05018561880668608,-0.07824790692239114,0.057762821011797146
2005.0,-0.06465081520294724,0.05051634330803227,-0.06288150250159141,0.058018927752143803
2006.0,-0.05607351252829451,0.05060883460668061,-0.027029279694714248,0.05861646479892509
2007.0,-0.0774016025835631,0.051239397694306056,-0.0575908994433858,0.05810710446978056
2008.0,-0.09774453175514086,0.05079452389183484,-0.09191325562770958,0.057535065200041834
2009.0,-0.08456918697772675,0.04882693400268001,-0.07106768264614027,0.057882491416401324
2010.0,-0.035754602774325406,0.04895873285498663,0.007117287904927494,0.05918557425891912
2011.0,0.015560885584376738,0.04944760590602032,0.09198432904903342,0.06060002494465422
2012.0,0.022369518696416346,0.04924188292440897,0.08676318154491547,0.06051300581958559
2013.0,0.017436561607138135,0.048604280273312386,0.06923650114825186,0.06022089447964119
2014.0,0.004305154688830193,0.0494160336544824,0.021342589134218937,0.059422662612740644
2015.0,0.08595634320705114,0.05013087825866804,0.10251547347265078,0.06077554401838117
2016.0,0.12822285866666006,0.05227345631198745,0.1440813350256036,0.06146830837759706
2017.0,0.1606187881978669,0.05281635337522651,0.20249484264940953,0.06244186683799382
2018.0,0.1572029646097688,0.053842980771463614,0.18949068040408257,0.0622251308005717
2019.0,0.30128967843428,0.05004230622922504,0.18385263731834867,0.06213116341580947
2020.0,0.27321865970994574,0.04873330624977267,0.18630562011491225,0.06217204646241887
2021.0,0.23289871236244686,0.047503136665218375,0.1557563356302598,0.061662891721007994
2022.0,0.06583490901174827,0.04945703238498883,0.13671371829931145,0.06134551476549219
