Variable,Period_2000_2008,Period_2009_2023,Standard_Error2000_2008,Standard_Error2009_2023
VPD,0.0007298770725920503,0.040151448961281234,0.006460663855941285,0.00630683852603792
Srad,-3.620328645011691e-05,-2.020721261062733e-06,0.006309900381273712,0.006159664657910051
Pr,-0.009336243630332622,-0.003318062199505193,0.00638726157006179,0.006235183913631747
Ta,0.003999703683021497,0.009626229540628112,0.006319892607367202,0.006169418973858459
Ts,0.00013766549757381646,0.0002175314792171331,0.006781816383196298,0.0066203445645487665
SM,-0.0032034860682905587,0.008873161433275958,0.006310582491792678,0.006160330527702375
ALT,-0.00707346936284184,-0.00686959729625735,0.006513931451013891,0.006358837845037369
kNDVI,0.002012957971827791,0.002017861518414699,0.006486701667740811,0.006332256389937457
GSL,-0.005370253014933008,-0.005219470536262799,0.006341399574866137,0.006190413870702656
LAI,0.0010552085283009795,0.004656778269045967,0.006334712173335702,0.006183885693018185
All,-0.017084242609532008,0.05013386044857669,0.005124999999999999,0.005124999999999999
