Year,SVAP_Anomaly,SVAP_StdDev,VAP_Anomaly,VAP_StdDev
1990.0,-0.0870326203529288,0.11339228758471573,-0.20016663932439033,0.10799650910000007
1991.0,-0.07068675184490747,0.1156198024901797,-0.09645322127775753,0.1105893445511659
1992.0,-0.5271519067311541,0.10421227549288799,-0.45744985007878575,0.10156442883114018
1993.0,-0.26179135267180786,0.10956336636981087,-0.22209004226959123,0.10744842402637005
1994.0,-0.14192505602282868,0.1133716911462139,-0.18582808637257758,0.1083549729237954
1995.0,-0.05862936798972562,0.11088651078854443,-0.09706762595610226,0.11057398443420727
1996.0,-0.35614744746925897,0.10970792456855125,-0.3208305951320762,0.10497991020480793
1997.0,-0.09352245851598617,0.11150241333948893,-0.08730483714378341,0.11081805415451525
1998.0,-0.012051770331884981,0.11728382617289841,-0.010073936617736659,0.11274882666766642
1999.0,-0.1984238766058528,0.11121264667775599,-0.17044659121470057,0.10873951030274231
2000.0,-0.12020441317799158,0.11295955745799154,-0.09298839830990975,0.11067596512536208
2001.0,0.03696921046334012,0.11713913668453227,-0.026802923914157797,0.11233060198525588
2002.0,-0.057475928706352875,0.11421262280775255,-0.07276717984315191,0.11118149558703103
2003.0,0.039448942499930695,0.1149310194753157,0.002609261238213631,0.11306590661406517
2004.0,-0.21902742906652328,0.11064103505414229,-0.1853381560607394,0.10836722118159134
2005.0,0.15192300653216684,0.115052013561974,0.12242946362856681,0.116061411673824
2006.0,-0.009533414485479064,0.11513795808005849,-0.06943203671412164,0.1112648741652568
2007.0,0.15595912511902554,0.11503751184617009,0.13585740165276922,0.11639711012442906
2008.0,0.005589923021768861,0.1130543415764111,0.021964210633074008,0.11354978034893667
2009.0,-0.11707259639345047,0.1130000164894865,-0.12548706098036372,0.10986349855860074
2010.0,0.047520032284234404,0.11496480054360873,-0.003830101724827631,0.11290492253998914
2011.0,0.15024663583196585,0.11527744782762288,0.049324649933612894,0.11423379133145015
2012.0,0.12453032111880713,0.119181101235651,-0.011160062388940697,0.11272167352338631
2013.0,0.04558623905735715,0.11581912467601456,0.0020548188325129474,0.11305204555392265
2014.0,0.036776498712672634,0.11374301300122322,-0.03783543073769842,0.11205478931466736
2015.0,0.12011697466927274,0.11403749367303281,0.056265029672419684,0.11440730082492032
2016.0,0.29017730132497643,0.1184940809417595,0.12488140499952997,0.11612271020809808
2017.0,0.1576031006947911,0.11440163556696156,0.020631391171253274,0.11351645986239116
2018.0,0.06959661419945373,0.11526406218880211,-0.08187627458211129,0.11095376821855704
2019.0,0.18985242223498666,0.1155878889286132,0.044051337603366034,0.11410195852319398
2020.0,0.32003326789297226,0.11544044876341311,0.19151063597563472,0.1177884409825007
2021.0,0.1693107990002387,0.11865449662544503,0.014163413011665502,0.11335476040840146
2022.0,0.21943597570814255,0.11784210872906689,0.11948603229089176,0.11598782589038212
