name,shap_mean,std,color
kNDVI,0.0029354618661388437,0.0005110619925056696,#4393c3
ALT,0.005497461206468106,0.00111368509050503,#d6604d
SM,0.007382473997101974,0.0012593990897777486,#d6604d
Pr,0.007975052273138779,0.0011812570921018544,#878787
Ts,0.007981316227192913,0.0012759851681169903,#d6604d
GSL,0.008040108436575684,0.0013854105382651832,#4393c3
Ta,0.008349338473235095,0.0013808772611542347,#878787
Srad,0.008357216720077163,0.0011183746566482404,#878787
LAI,0.00918520446553941,0.001598044087350227,#4393c3
VPD,0.012452351983936363,0.0014411947522450117,#878787
