Year,Temperature_SD,Solar_Radiation_SD,VPD_SD,SM_SD
2002.0,1.8207669930428876,9.211608697384547,4.082481486602868,73.71163337183258
2003.0,1.7508052728210117,9.225696353793014,4.040301843871774,73.3802547573677
2004.0,1.7441595539539383,9.24501099407704,4.126201490231915,73.81294183780975
2005.0,1.7200402678697024,9.290632083649504,4.2417041520168794,73.96731485861801
2006.0,1.7386326667893401,9.200626384583714,4.279567261171468,73.59577043903198
2007.0,1.8164757252265507,9.191648229499233,4.253141597971784,73.22948147114806
2008.0,1.9094943779904183,9.359097598748708,4.3778333850601925,72.7950778433586
2009.0,1.8882840853666614,9.571992089055199,4.444199642601629,71.2163020727957
2010.0,1.9011300057270974,9.746783581756235,4.4810832678316,70.60077486922908
2011.0,2.0377836570000802,10.082407858268764,4.486313355793844,71.51099928112833
2012.0,2.0479741569684218,10.48888276759483,4.604665379494644,73.91704988812195
2013.0,1.9856114499526218,10.776091813396116,4.700382003275999,73.19868670795276
2014.0,1.9948180809812288,11.042733738362816,4.770358364536521,74.85870234844616
2015.0,1.9792447558530906,11.460865951483312,4.87181319387691,75.01763790261442
2016.0,1.9650254281385262,11.7951624004491,5.053215716215233,73.08703684610906
2017.0,1.9880480902598867,12.104574170347673,5.138345978423535,70.16749523215343
2018.0,2.125676044782897,12.453899644200835,5.831922919040872,72.90747003324418
2019.0,2.360045305611838,12.125014207640419,5.789641567164346,72.72438103026766
2020.0,2.602611876830489,11.656435031242447,5.715761364094416,73.35743760625319
2021.0,2.7573575789673472,11.092602393190711,5.618410215513354,75.7144635662478
