Time_Step,Convergence_Mean,Convergence_StdDev
5,-0.7302390760715871,0.10621172560792112
6,-0.23982761872082772,0.12013956043752805
7,0.027340601119614755,0.1175098488982352
8,0.17123447797750763,0.11001848946104634
9,0.2512385588293933,0.10472227937086483
10,0.2886423785774811,0.10026705700495553
11,0.3017633438911254,0.09646696709920183
12,0.3192559254795386,0.0924363074055346
13,0.33414202921406366,0.08956103173863839
14,0.3349360456615675,0.08714439696118176
15,0.32783533809378024,0.08447156567611865
16,0.3277555579618955,0.08227984298755811
17,0.3237129608705951,0.08025714085248432
18,0.31993893343865754,0.07849865996170535
19,0.3242125371014951,0.07661400181579563
