Year,GPP_SD_GOSIF,GPP_SD_FluxCom,GPP_SD_Ensemble,TAC,,,
2000,,,,,,,
2001,,,,,,,
2002,0.19988299074259383,0.22351102420356037,0.2116970074730771,0.46380159139742705,,,
2003,0.19836490205357704,0.21052822129443535,0.2044465616740062,0.46577509686497015,,,
2004,0.1953521507250015,0.19973780208361194,0.19754497640430674,0.4624995486906993,,,
2005,0.19461224183411147,0.1946929771861362,0.19465260951012384,0.45872185199913584,,,
2006,0.1943274840763324,0.18841451895481467,0.19137100151557354,0.4533288510540857,,, 
2007,0.19119186199918828,0.18801275761467914,0.1896023098069337,0.4450563365584887,,,
2008,0.1915210502511887,0.1907634300932704,0.19114224017222955,0.44449649408287345,,,
2009,0.19918501349997347,0.1958856473646731,0.1975353304323233,0.45202750438688766,,,
2010,0.20504852245434052,0.19899468578146304,0.20202160411790177,0.45538989571515914,,,
2011,0.20769860516361888,0.2045320269991838,0.20611531608140132,0.46331536648561056,,,
2012,0.21222004486042156,0.20480516722393316,0.20851260604217736,0.46867402771250544,,,
2013,0.21728826883186628,0.21126361961683077,0.21427594422434854,0.46957653116067055,,,
2014,0.21673475168367468,0.206716111,0.21172543152029882,0.4707737210122074,,,
2015,0.21407752238960834,0.20481323874477467,0.2094453805671915,0.47316774700964453,,,
2016,0.22214719396675572,0.20517462999638358,0.21366091198156967,0.47603526971866783,,,
2017,0.22170678152256368,0.20537110949467827,0.21353894550862096,0.4745287956940541,,,
2018,0.22571229428074227,0.20840091298922905,0.21705660363498566,0.47766114199629484,,,
2019,0.22753558016193107,0.21188108518994875,0.21970833267593992,0.4768613960829048,,,
2020,0.23265616676998513,0.2160782618423335,0.2243672143061593,0.47410285217328213,,,
2021,0.22825519294799793,0.21611117347922779,0.22218318321361286,0.4773846571622197,,,
2022,,,,,,,
2023,,,,,,,
