Year,All_Mean,Standard_Error
2000,,
2001,,
2002,0.46380159139742705,0.004972047
2003,0.46577509686497015,0.004988561
2004,0.4624995486906993,0.00496336
2005,0.45872185199913584,0.00488204
2006,0.4533288510540857,0.004853441
2007,0.4450563365584887,0.005125074
2008,0.44449649408287345,0.005104063
2009,0.45202750438688766,0.004924739
2010,0.45538989571515914,0.004771827
2011,0.46331536648561056,0.004629633
2012,0.46867402771250544,0.004708428
2013,0.46957653116067055,0.004746559
2014,0.4707737210122074,0.004845884
2015,0.47316774700964453,0.004855566
2016,0.47603526971866783,0.004859667
2017,0.4745287956940541,0.004755539
2018,0.47766114199629484,0.004658961
2019,0.4768613960829048,0.004601292
2020,0.47410285217328213,0.004667188
2021,0.4773846571622197,0.004819979
2022,,
2023,,
